{
  "name": "account",
  "base": "User",
  "idInjection": true,
  "options": {
    "validateUpsert": true
  },
  "protected": [
    "email"
  ],
  "properties": {
    "firstName": {
      "type": "string"
    },
    "lastName": {
      "type": "string"
    }
  },
  "validations": [],
  "relations": {
    "posts": {
      "type": "hasMany",
      "model": "post",
      "foreignKey": ""
    }
  },
  "acls": [
    {
      "accessType": "*",
      "principalType": "ROLE",
      "principalId": "administrator",
      "permission": "ALLOW"
    },
    {
      "principalType": "ROLE",
      "principalId": "$everyone",
      "permission": "ALLOW",
      "property": "findById"
    },
    {
      "principalType": "ROLE",
      "principalId": "$everyone",
      "permission": "ALLOW",
      "property": "__get__posts"
    },
    {
      "principalType": "ROLE",
      "principalId": "$owner",
      "permission": "ALLOW",
      "property": [
        "__create__posts",
        "__delete__posts",
        "__destroyById__posts",
        "__findById__posts",
        "__get__posts",
        "__updateById__posts"
      ]
    }
  ],
  "methods": {}
}
