{
  "name": "comment",
  "base": "PersistedModel",
  "idInjection": true,
  "options": {
    "validateUpsert": true
  },
  "properties": {
    "title": {
      "type": "string"
    },
    "body": {
      "type": "string"
    },
    "name": {
      "type": "string"
    }
  },
  "validations": [],
  "relations": {
    "post": {
      "type": "belongsTo",
      "model": "post",
      "foreignKey": ""
    }
  },
  "acls": [
    {
      "accessType": "*",
      "principalType": "ROLE",
      "principalId": "$everyone",
      "permission": "ALLOW"
    }
  ],
  "methods": {}
}
