{
  "name": "post",
  "base": "PersistedModel",
  "idInjection": true,
  "options": {
    "validateUpsert": true
  },
  "properties": {
    "title": {
      "type": "string",
      "required": true
    },
    "body": {
      "type": "string"
    }
  },
  "validations": [],
  "relations": {
    "account": {
      "type": "belongsTo",
      "model": "account",
      "foreignKey": ""
    },
    "category": {
      "type": "belongsTo",
      "model": "category",
      "foreignKey": ""
    },
    "comments": {
      "type": "hasMany",
      "model": "comment",
      "foreignKey": ""
    }
  },
  "acls": [
    {
      "accessType": "*",
      "principalType": "ROLE",
      "principalId": "administrator",
      "permission": "ALLOW"
    },
    {
      "accessType": "*",
      "principalType": "ROLE",
      "principalId": "$everyone",
      "permission": "DENY"
    },
    {
      "accessType": "READ",
      "principalType": "ROLE",
      "principalId": "$everyone",
      "permission": "ALLOW"
    }
    ,
    {
      "principalType": "ROLE",
      "principalId": "$everyone",
      "permission": "ALLOW",
      "property": "__create__comments"
    },
    {
      "principalType": "ROLE",
      "principalId": "$everyone",
      "permission": "ALLOW",
      "property": "__delete__comments"
    }


  ],
  "methods": {}
}
